{"total_loss": 3.998233535554674, "content_loss": 1.9657993343141344, "ssim_loss": 0.34661668439706167, "saliency_loss": 0.09320533714360661, "fre_loss": 0.7537641631232368, "lr": 5e-05, "_timestamp": 1751770902.1718352, "_runtime": 84.77021408081055, "_step": 4, "_wandb": {"runtime": 127}}